titulo;autor;ano_publicacao;DOI;tipo_publicacao;resumo;link_deacesso;;;;;;;;;;;;;;
Primary Care: Its Pokemon Moment;Bryan Becker;Epub 2024 Mar 29.;DOI: 10.1016/j.amjmed.2024.03.020;Review;Primary care in the United States is undergoing bursts of evolution in response to health system stresses, changing demographics, and expansion of risk and value-based reimbursement structures. The impact of primary care remains substantive and associated with improved population health. However, the spectrum of services, the nature of the physicians involved and new ways of including the patient in her, or his own care suggests that a new definition of primary care be considered, and patient expectations be heeded and understood. Evolutionary bursts yield new traits and in primary care, they are spawning new care models with significant implications for general internal medicine, internal medicine/pediatrics trained individuals and medicine subspecialties given the focus of these models on Medicare Advantage. Ultimately, changes in reimbursement and creative incentives will be two factors among many that will solidify the next stage of primary care in the United States.;https://linkinghub.elsevier.com/retrieve/pii/S0002-9343(24)00166-9;;;;;;;;;;;;;;
Impact of Pokémon Go on Physical Activity: A Systematic Review and Meta-Analysis;Madina Khamzina;Epub 2019 Dec 10.;DOI: 10.1016/j.amepre.2019.09.005;Meta-Analysis;Context: Pokémon Go is a popular mobile augmented reality game that requires players to travel to different locations to capture virtual characters. This study systematically reviews and quantifies Pokémon Go in relation to physical activity engagement among players.;;;;;;;;;;;;;;;
Evidence acquisition: A keyword search was conducted in PubMed; Web of Science; Scopus; EBSCO; SPORTDiscus; PsycINFO; ScienceDirect; and Cochrane Library for articles published between July 2016 and October 2018. Meta-analysis was performed to estimate the pooled effect of playing Pokémon Go on physical activity outcome.;;;;;;;;;;;;;
Evidence synthesis: From the keyword search; 17 studies (16 observational and 1 pre-post) were identified; with a total sample of 33;108 participants. A comparison between Pokémon Go players and nonplayers and between pre- and post-play time points revealed an increase in walking duration; distance walked; and number of steps/day. Pokémon Go players were also found to engage in less sedentary behavior. Playing Pokémon Go was associated with an increase in the number of steps per day by 1;446 steps (95% CI=953;1;939;;;;;;;;;;;;
"Conclusions: Playing Pokémon Go was associated with a statistically significant but clinically modest increase in the number of daily steps taken among game players. One challenge for future physical activity interventions using Pokémon Go is to retain active engagement once the initial novelty wears off. Additional studies with longer follow-up periods and experimental study design are needed to assess to what extent Pokémon Go and other augmented reality games can be used to promote physical activity at the population level for a sustained time period.""";https://linkinghub.elsevier.com/retrieve/pii/S0749-3797(19)30410-6;;;;;;;;;;;;;;;;;;;
Effects of Pokémon GO on Physical Activity and Psychological and Social Outcomes: A Systematic Review;Jung Eun Lee;;DOI: 10.3390/jcm10091860;Review;Augmented reality (AR) mobile game, Pokémon GO, leverages gamification and location tracking technology to encourage players to walk in different places to catch Pokémon characters in real-world settings. The systematic review sought to explore the impact Pokémon GO has on players' physical activity (PA), and psychological and social outcomes. Six research databases (PubMed, SPORTDiscus, PsycInfo, Web of Science, Science Direct, and Scopus) were used. Study inclusion criteria were: (1) quantitative research published in English;;;;;;;;;;;;;;;
Influence of Pokémon GO on Physical Activity and Psychosocial Well-Being in Children and Adolescents: Systematic Review;Haiyan Liang;;DOI: 10.2196/49019;Review.;Background: Pokémon GO, an augmented reality game with widespread popularity, can potentially influence players' physical activity (PA) levels and psychosocial well-being.;;;;;;;;;;;;;;;
Objective: This review aims to systematically examine the scientific evidence regarding the impact of Pokémon GO on PA and psychosocial well-being in children and adolescents.;;;;;;;;;;;;;;;;;;;;
Methods: Using the PRISMA (Preferred Reporting Items for Systematic Reviews and Meta-Analyses) guidelines and the GRADE (Grading of Recommendations; Assessment; Development; and Evaluations) framework; we conducted keyword and reference searches in the PubMed; CINAHL; Web of Science; and Scopus databases. We performed title and abstract screening; full-text review; evidence synthesis; and identified research gaps.;;;;;;;;;;
Results: Our review included 10 studies that explored the effect of Pokémon GO on PA or psychosocial well-being among children and adolescents. These studies used diverse designs across multiple countries and regions. Pokémon GO use measures encompassed frequency; experience; adherence; and motivation. PA assessment methods ranged from self-reported questionnaires to technology-based evaluations and qualitative approaches. Psychosocial well-being measures included emotional intelligence; personal well-being; self-control; emotionality; and sociability. In general; the estimated impact of Pokémon GO on PA was positive; with gaming elements and engagement correlating with increased PA levels. However; the effect on psychosocial well-being presented mixed results; with positive associations for sociability but a complex relationship involving well-being and internet gaming disorder. The limitations of these studies comprised the absence of randomized controlled trials; heterogeneity in study designs and outcome measures; and potential confounding bias.;;;;;;;
Conclusions: Overall; Pokémon GO tends to positively affect PA levels; while the impact on psychosocial well-being remains complex and requires further investigation. Future research should investigate the mechanisms connecting Pokémon GO use with PA and psychosocial well-being and the potential risks of excessive gameplay. These findings can help inform public health interventions to harness gaming technologies for promoting PA and enhancing well-being among the younger generation.;;;;;;;;;;;;;;;;;;
Trial registration: PROSPERO International Prospective Register of Systematic Reviews CRD42023412032;;;;;;;;;;;;;;;;;;;;
Going Forward with Pokemon Go;Yvette Chong;;DOI: 10.4103/JETS.JETS_87_17;Review;Pokemon Go is an augmented reality (AR) game which combines the use of smart mobile technology with physical exploration in the real world. It was a global phenomenon that rocked the world since 2016. Across boundaries and nations, the young and seniors were actively downloading and playing, joining the intrend gaming community. Was it a fleeting fad or a more sustainable activity? This paper discusses the literature currently available on this interesting phenomenon: its effect on physical and mental health as well as some documented hazards and distractions. From the review, Pokemon Go demonstrates that cleverly implemented AR games can reach millions of people and trigger substantial behavioral changes. AR games can help increase physical activities and exercise provided people's interest can be sustained.;http://www.onlinejets.org/article.asp?issn=0974-2700;;;;;;;;;;;;;;
Pokemon contagion;B G Zifkin;;DOI: 10.1097/00007611-200112000-00025;Comment;;https://pubmed.ncbi.nlm.nih.gov/11811868/#;;;;;;;;;;;;;;
Random forests; sound symbolism and Pokémon evolution;Alexander James Kilpatrick;eCollection 2023.;DOI: 10.1371/journal.pone.0279350;Review.;This study constructs machine learning algorithms that are trained to classify samples using sound symbolism, and then it reports on an experiment designed to measure their understanding against human participants. Random forests are trained using the names of Pokémon, which are fictional video game characters, and their evolutionary status. Pokémon undergo evolution when certain in-game conditions are met. Evolution changes the appearance, abilities, and names of Pokémon. In the first experiment, we train three random forests using the sounds that make up the names of Japanese, Chinese, and Korean Pokémon to classify Pokémon into pre-evolution and post-evolution categories. We then train a fourth random forest using the results of an elicitation experiment whereby Japanese participants named previously unseen Pokémon. In Experiment 2, we reproduce those random forests with name length as a feature and compare the performance of the random forests against humans in a classification experiment whereby Japanese participants classified the names elicited in Experiment 1 into pre-and post-evolution categories. Experiment 2 reveals an issue pertaining to overfitting in Experiment 1 which we resolve using a novel cross-validation method. The results show that the random forests are efficient learners of systematic sound-meaning correspondence patterns and can classify samples with greater accuracy than the human participants.;https://dx.plos.org/10.1371/journal.pone.0279350;;;;;;;;;;;;;
Pokémon Go and augmented virtual reality games: a cautionary commentary for parents and pediatricians;Maeve Serino;;DOI: 10.1097/MOP.0000000000000409;Review;Purpose of review: The recent release of Pokémon Go has ushered in a new set of challenges for parents and pediatricians, highlighting the importance of parents setting guidelines for video game use with their children. Within 1 week of its launch, the game attracted over 65 million users, many of whom are young children. Despite the potential benefits of the game described in our article, this location-based game format poses specific threats to the safety and physical wellbeing of children.;;;;;;;;;;;;;;;
Recent findings: Reports have discussed both the benefits and adverse effects of this extremely popular video game. Benefits include increased exercise; socialization; and outdoor activity. Negative effects include increased risk of injury; abduction; trespassing; violence; and cost.;;;;;;;;;;;;;;
Summary: Pediatricians play a key role in counseling parents and children about safety precautions and setting appropriate limits for impressionable youth. Parents and pediatricians should be aware of this new and remarkably popular game that appeals to a wide variety of individuals. To protect children from injury; predators; and inappropriate situations;" parents and pediatricians must regulate children's participation in this game and maintain vigilance for potentially dangerous circumstances.""";https://www.ovid.com/10.1097/MOP.0000000000000409;;;;;;;;;;;;;;;;
Pokemon inhibits Bim transcription to promote the proliferation; anti-anoikis; invasion; histological grade; and dukes stage of colorectal neoplasms;Yan Wang;;DOI: 10.1007/s00432-024-05904-1;;Purpose: This study aims to determine whether Pokemon regulates Bim activity in colorectal carcinoma (CRC) carcinogenesis.;;;;;;;;;;;
Methods: Clinical tissue samples were analyzed to detect the expression and clinicopathological significance of Pokemon and Bim in CRC. Proliferation; apoptosis; and invasion assays were conducted to identify the regulatory effect of Pokemon on Bim. The combined treatment effects of Pokemon knockdown and diamminedichloroplatinum (DDP) were also examined.;;;;;;;;;;;;;;;;;;
Results: Immunohistochemical analysis of 80 samples of colorectal epithelia (CRE); 80 cases of colorectal adenoma (CRA); and 160 of CRC samples revealed protein expression rates of 23.8%; 38.8%; and 70.6% for Pokemon; and 88.8%; 73.8%; and 31.9% for Bim; respectively. A significant negative correlation was observed between Pokemon and Bim expression across the CRE; CRA; and CRC lesion stages. In CRC; higher Pokemon and lower Bim expression correlated with higher histological grades; advanced Dukes stages; and increased cancer invasion. In both LoVo and HCT116 cells; overexpression of Pokemon significantly reduced Bim expression; leading to increased proliferation; resistance to anoikis; and cell invasion. Additionally; Pokemon overexpression significantly decreased DDP-induced Bim expression; reduction of anti-apoptosis and invasion; whereas Pokemon knockdown resulted in the opposite effects.
Conclusion: These findings suggest that Pokemon inhibits Bim transcription; thereby promoting CRC proliferation; resistance to apoptosis; invasion;" and advancing histological grade and Dukes staging. Pokemon knockdown enhances the therapeutic efficacy of DDP in the treatment of CRC.""";https://dx.doi.org/10.1007/s00432-024-05904-1;;;;;;;;;;;;;;;
Pokémon GO and Physical Activity in Asia: Multilevel Study;Ben D Ma;;DOI: 10.2196/jmir.9670;Review.;Background: Physical activity has long been considered as an important component of a healthy lifestyle. Although many efforts have been made to promote physical activity, there is no effective global intervention for physical activity promotion. Some researchers have suggested that Pokémon GO, a location-based augmented reality game, was associated with a short-term increase in players' physical activity on a global scale, but the details are far from clear.;;;;;;;;;;;;;;;
Objective: The objective of our study was to study the relationship between Pokémon GO use and players' physical activity and how the relationship varies across players with different physical activity levels.;;;;;;;;;;;;;;;;;;;;
Methods: We conducted a field study in Hong Kong to investigate if Pokémon GO use was associated with physical activity. Pokémon GO players were asked to report their demographics through a survey;;;;;;;;;;;;;;;;;;;;
Results: The average daily walking and running distances increased by 18.1% (0.96 km; approximately 1200 steps) in the 21 days after the participants installed Pokémon GO compared with the average distances over the 14 days before installation (P<.001). However; this association attenuated over time and was estimated to disappear 24 days after game installation. Multilevel models indicated that Pokémon GO had a stronger and more lasting association among the less physically active players compared with the physically active ones (P<.001). Playing Pokémon GO in green space had a significant positive relationship with daily walking and running distances (P=.03). Moreover; our results showed that whether Pokémon GO was played; the number of days played; weather (total rainfall; bright sunshine; mean air temperature; and mean wind speed); and demographics (age; gender; income; education; and body mass index) were associated with daily walking and running distances.;;;;;;;
Conclusions: Pokémon GO was associated with a short-term increase in the players' daily walking and running distances;;;;;;;;;;;;;;;;;;;;
